Date,Close,High,Low,Open,Volume
,MCD,MCD,MCD,MCD,MCD
2024-01-02,285.1024169921875,285.3327623796995,283.19237218365913,283.19237218365913,4458400
2024-01-03,282.55889892578125,286.0141966162853,282.42451126680027,285.06399268050865,3114800
2024-01-04,280.0153503417969,285.3231058686635,279.2283273059794,283.4514913344557,4615400
2024-01-05,277.3758850097656,278.66202876107974,275.65784370639784,277.5870446878094,3407300
2024-01-08,280.1689147949219,280.2649017838931,275.9649365815848,276.91516969394837,3097000
2024-01-09,279.1803283691406,279.1803283691406,275.96495442298533,277.99017164407906,2176400
2024-01-10,282.2709045410156,282.5588655085816,279.18031095228724,279.30509110912084,2199700
2024-01-11,282.32855224609375,283.0964190353977,278.9692119320869,282.61651327625384,2047400
2024-01-12,281.6758117675781,283.8641802696948,281.0711259869341,283.5858268026603,1714800
2024-01-16,279.39154052734375,282.424548539766,278.32616376676333,281.6758967025375,2859000
2024-01-17,279.4587097167969,280.59128021584036,278.47010507930617,278.4797125671168,2008200
2024-01-18,282.5300598144531,282.6452617829853,279.60264686275167,280.35129855705975,2221200
2024-01-19,288.4521179199219,288.9800024717348,284.60326484544544,286.0237962575678,4250900
2024-01-22,286.4173278808594,290.2373878575729,285.77424134468123,288.8552570766072,3250200
2024-01-23,287.99139404296875,288.1449673793378,285.18876120481053,285.4863003905509,1874000
2024-01-24,288.36578369140625,289.90148802572276,287.2811919560867,287.94346426719113,3209700
2024-01-25,285.2655334472656,289.20076598278825,284.1905493829728,288.65366646363674,3219600
2024-01-26,280.5144958496094,284.0849955146929,279.97700379603725,283.461094656868,4210500
2024-01-29,280.56243896484375,280.9943657666061,276.7231937620367,279.91938179639874,3899700
2024-01-30,282.80841064453125,283.06757845738593,278.5372676780948,280.39930405503554,2524200
2024-01-31,280.95599365234375,285.486304623486,279.9289884264026,284.00818686874675,3476200
2024-02-01,286.1005859375,286.1485940849762,278.614068296596,279.97701345230985,3380600
2024-02-02,285.1119689941406,286.1869823830471,281.56068433474695,284.17137255413724,3971600
2024-02-05,274.4772644042969,279.7274338798987,271.9433482746426,275.47547645153514,7581900
2024-02-06,273.2102966308594,273.23908979989505,270.2252973733958,271.59782058262596,5927200
2024-02-07,275.7825927734375,278.85400092644545,272.69199893750385,273.59422398403296,3954700
2024-02-08,280.1977233886719,281.36869441990837,272.7784003197053,274.69802304034755,4605000
2024-02-09,277.8365783691406,280.75441292461176,277.30869387023284,280.40886562499935,3323000
2024-02-12,277.8078308105469,279.4875008624322,277.15516604882623,277.3855114256403,2392300
2024-02-13,275.5714111328125,278.24929288901575,274.1893097943479,277.03034307021306,2756100
2024-02-14,276.5888366699219,276.732802507459,275.0723184048871,275.7729912023896,2139300
2024-02-15,280.13055419921875,280.3609288639161,275.7346306704476,276.32970907960095,2401400
2024-02-16,280.2841491699219,281.8966547827292,277.6350892960471,279.1035997481387,2837500
2024-02-20,280.8888244628906,283.6242930459234,280.11137950544537,280.2649528575622,2264000
2024-02-21,282.0981750488281,283.3363399693329,280.5048845931763,281.3111226627014,2076400
2024-02-22,284.0274353027344,284.7472939361859,281.4647256795528,282.1845843130044,3146600
2024-02-23,285.7838439941406,286.73404790579923,283.2115564752123,284.1041740462322,2199000
2024-02-26,285.17913818359375,286.6764415177326,284.48807285313603,286.22532902019606,2595300
2024-02-27,281.9541931152344,284.87199854583605,281.53187377559925,284.87199854583605,2811200
2024-02-28,283.32672119140625,284.20015305469843,280.95598593136134,282.21333648515855,2507300
2024-02-29,282.1297912597656,284.51401505790017,281.57957896994077,283.9831270673646,3601700
2024-03-01,280.6336364746094,282.5062671605658,279.47529788984957,281.27071975044987,3028900
2024-03-04,280.8363037109375,281.1258735955487,278.48103712353105,279.32081924667415,2832000
2024-03-05,282.3807678222656,283.31708313466714,278.8864867979753,281.4347903603449,2969600
2024-03-06,282.7572326660156,284.8905058464476,282.0043213840324,283.14333572845754,2348000
2024-03-07,281.0003967285156,284.6781111829275,280.92318790823947,283.9831139693546,2237700
2024-03-08,282.3904113769531,283.28813704135723,278.7995970926588,279.96759783404104,2482300
2024-03-11,284.5816345214844,285.1897608862264,281.73406897342426,282.0043440846676,2893300
2024-03-12,284.08929443359375,286.0680909085114,283.3460453512308,285.4117128001047,2233100
2024-03-13,273.0368957519531,283.2784496896321,272.7859449970826,282.11047850993236,5441300
2024-03-14,271.9461669921875,272.7087108752196,268.1815815762883,272.6122072145222,4659300
2024-03-15,269.44610595703125,274.3593381007907,268.71248963156506,272.1006046046546,5071700
2024-03-18,268.9055480957031,270.56581765300126,268.41327924717297,269.7646545943288,3319400
2024-03-19,273.04656982421875,274.5234352596962,268.9055434236554,269.50403699207254,4055400
2024-03-20,274.57171630859375,274.7165012614014,271.5986611413376,273.6546958445242,2867300
2024-03-21,273.68365478515625,275.6624512224298,272.82457775386126,274.6199700970141,3653300
2024-03-22,272.81494140625,274.51383024603365,272.32264305886366,274.0215318986473,2556100
2024-03-25,268.9441833496094,270.8361089489781,267.9982352788125,270.27626393510496,2985500
2024-03-26,268.9441833496094,269.7453759140567,267.544556086039,269.52335266388246,2572100
2024-03-27,272.22607421875,272.49634927528274,268.44222342729176,268.44222342729176,2605000
2024-03-28,272.1585388183594,273.53887114789234,271.48283642015997,272.44810872743165,3453900
2024-04-01,270.4886169433594,271.772416197225,268.9634996039136,271.7241643632186,2408800
2024-04-02,268.0947265625,270.7395927686612,267.81481879738396,270.2762514470963,2907700
2024-04-03,265.97113037109375,268.30707277558145,265.59466004486416,266.9653596340495,2748000
2024-04-04,260.7103576660156,266.64677563830656,260.54627789295915,266.64677563830656,4095100
2024-04-05,257.42852783203125,261.222041723274,257.1099714076428,260.06373238691566,6816000
2024-04-08,258.2682800292969,259.3590425504947,256.6369673227264,257.95938579257654,3753200
2024-04-09,260.0829772949219,260.305000534206,256.2798019823287,256.97479923381206,3934900
2024-04-10,259.3397216796875,259.648586427634,255.90332519216278,257.698746987355,3817500
2024-04-11,259.29144287109375,260.5076954066433,257.872491398877,260.1408872160634,2519200
2024-04-12,258.1041564941406,258.91498163484187,257.3222588843447,258.60608745044976,2708400
2024-04-15,256.9844665527344,259.1949190092181,256.810695143038,258.55783572772907,3686700
2024-04-16,256.21221923828125,257.71804166800877,255.94194417288844,256.8879216306497,2912900
2024-04-17,260.57525634765625,260.73933613423065,256.29907788113934,257.2450552933949,3383100
2024-04-18,261.56951904296875,261.86875112289493,259.5134841689258,261.56951904296875,3402700
2024-04-19,262.54443359375,262.76645685303913,261.08689228469234,262.56375789494325,3017100
2024-04-22,266.0097351074219,266.89779861033054,262.8629673503909,264.24329970914283,3129300
2024-04-23,267.26458740234375,267.766518371507,264.71625450250355,267.20667342350845,3275700
2024-04-24,267.1390686035156,267.4093436283087,263.4131322290274,265.97109754542066,4071600
2024-04-25,266.029052734375,270.10250303342866,265.179608394057,267.399722908983,4179800
2024-04-26,263.60626220703125,266.52137453804227,260.98071984149925,261.8108695055037,3636500
2024-04-29,264.05023193359375,264.8996762903056,263.13324090224114,264.3205070054772,3148900
2024-04-30,263.5579833984375,267.25496371575,253.50949421556197,255.15043961500814,6894400
2024-05-01,264.8996887207031,266.8302334555395,260.67179103816756,261.9556197831877,4843200
2024-05-02,263.7896423339844,266.7144165502952,263.2394299918625,264.9769379999669,3084000
2024-05-03,260.93243408203125,265.0830934891858,259.5521016630418,264.6197816046439,2642100
2024-05-06,259.94781494140625,262.438233936642,259.6968641782304,261.64670359193775,2481300
2024-05-07,258.2103271484375,261.2702531455972,257.71802887392937,260.66212691420986,3160000
2024-05-08,259.1659240722656,259.5906461977406,256.8203196914173,258.2103140188318,3259800
2024-05-09,258.6447448730469,259.15633805389865,257.74701917566347,259.137013753407,3140000
2024-05-10,265.4498596191406,265.8166677747667,258.53850701194256,258.8570633398369,4983500
2024-05-13,261.897705078125,267.1294647988018,261.7239631223331,265.8167085224522,3840700
2024-05-14,261.2606201171875,263.2973306541296,259.37832723478186,262.66990951258595,3143200
2024-05-15,264.3591613769531,264.8417976023341,260.8455849742236,261.69499998636115,2982500
2024-05-16,264.0116271972656,265.9904235616838,263.44212009461734,264.97689946435196,2339900
2024-05-17,262.9208679199219,264.54251827786777,261.5115786415478,264.54251827786777,2454500
2024-05-20,258.5675354003906,262.67960560592957,257.99802817015046,262.3031351976914,2651100
2024-05-21,256.6369323730469,259.73544809540897,256.2218723689771,259.18526529228535,2362600
2024-05-22,256.5404357910156,257.5539894882406,255.36280228173084,256.63696892281456,1906100
2024-05-23,248.97265625,256.395601966951,248.65412937931117,255.92262800636843,5636200
2024-05-24,249.14642333984375,251.41481917396942,248.57691620834382,249.7545496121597,3382900
2024-05-28,244.73512268066406,249.8221116224552,243.87603095715238,248.4514415075856,4324700
2024-05-29,240.70994567871094,244.98610957238856,240.50724674646332,244.56138740916427,4029300
2024-05-30,243.3162078857422,244.1752996865027,241.41462018143733,241.9069037766303,3597800
2024-05-31,249.89938354492188,250.2468674660875,244.7061986371485,245.3625915223107,6125400
2024-06-03,252.3573455810547,252.55166531021817,248.32546321764997,250.58913685236203,4342800
2024-06-04,255.24278259277344,255.6022473568488,251.87154034605717,251.95897531712762,4592700
2024-06-05,252.59051513671875,254.29070905991853,251.2983808006597,254.0575490952833,4136800
2024-06-06,253.2997589111328,254.339313206886,251.56069504662415,253.48435377295928,3354300
2024-06-07,248.91807556152344,253.96036689660184,248.07284111501198,252.66823267415847,2290100
2024-06-10,246.58639526367188,248.7140687707816,245.9451757472389,248.7140687707816,2866200
2024-06-11,247.0430145263672,247.44134920129483,244.92506594662916,245.8091554519756,2729400
2024-06-12,247.23733520507812,249.0152540345597,246.19779578591434,247.6259598485386,3169600
2024-06-13,246.47952270507812,247.4899319003681,244.03123946596696,246.37265278681693,3153000
2024-06-14,246.36293029785156,246.40178534593412,243.4774574749272,245.66342083626307,2806600
2024-06-17,246.294921875,247.2761860527754,244.7113229013702,245.1193676272173,2532900
2024-06-18,243.65234375,247.11103624155297,242.2533395576185,246.72241161212992,2956300
2024-06-20,246.57669067382812,248.4128994574034,242.40877854912435,243.14715794484636,4046500
2024-06-21,252.00759887695312,254.01866273952893,248.33516660252536,250.92917481241625,8425800
2024-06-24,252.9694061279297,253.9312205413483,250.46281814583244,251.62867715829995,3901200
2024-06-25,250.05479431152344,252.72652743496394,248.31573063126552,252.72652743496394,3903800
2024-06-26,250.49195861816406,250.82230806332166,247.4316158269485,249.34554938764313,2796100
2024-06-27,250.82232666015625,251.4635165390532,249.65646758228772,250.65715192533082,2651000
2024-06-28,247.58705139160156,252.10470283707184,245.6634078858962,250.2102191465322,8958700
2024-07-01,242.87513732910156,248.07286416845687,242.6128175430604,247.57738441661434,3817600
2024-07-02,240.7377166748047,243.88550934429097,240.36854182139612,242.57392535921002,3944900
2024-07-03,242.88482666015625,243.83693102980033,241.11661800630392,241.42751770019532,2026100
2024-07-05,243.9438018798828,244.26441163124252,241.72869343822785,243.8563668998338,2814300
2024-07-08,240.7960205078125,245.39139722825794,240.0284961620398,244.59472788955853,3163900
2024-07-09,238.82379150390625,240.35881051159856,236.59895826422104,240.19365061392313,4927300
2024-07-10,243.3608856201172,243.42888566265705,238.9015089476812,239.97020811199337,4092700
2024-07-11,247.54820251464844,248.37400197793662,242.7585063295274,244.07009023967834,5546400
2024-07-12,246.673828125,249.60789585518444,244.6433144982651,247.01387281777974,4543000
2024-07-15,244.3712921142578,248.4517544292855,244.04097229233727,246.42124074072726,3393600
2024-07-16,249.94789123535156,249.9867611069326,242.98197144246103,243.85635083437293,4173000
2024-07-17,253.57176208496094,254.59186650959995,250.52111439386175,251.59953845470565,3711500
2024-07-18,252.1338653564453,254.86388838389345,250.26852652687828,250.6862813049658,3421800
2024-07-19,249.95762634277344,253.02769404474395,247.77166294904035,252.9791289400492,3470600
2024-07-22,252.15335083007812,252.39623568648594,249.10270280206126,250.94862178095468,2759500
2024-07-23,246.819580078125,252.73626611200456,246.29494051624684,252.28933665420567,2653100
2024-07-24,246.15890502929688,247.0915892699743,239.11524518063572,239.30956489814028,5983300
2024-07-25,244.3032684326172,248.80148511820377,243.95351370662334,246.95556645710496,3323100
2024-07-26,244.82791137695312,246.81956997012077,243.61348721337697,245.7022908449225,4002900
2024-07-29,253.9798126220703,256.41835606312344,243.1082708396777,246.3337883777298,9381000
2024-07-30,258.8569641113281,259.7604886515347,252.90142275337675,253.57178732166676,4936600
2024-07-31,257.84649658203125,260.0519095314147,255.7091281411286,257.86594634131814,4652100
2024-08-01,261.1011657714844,261.12058588226523,254.93188578531147,259.2261021898029,4936000
2024-08-02,268.81524658203125,268.93182656949296,261.1497862670901,261.732715853429,9585900
2024-08-05,260.80975341796875,269.9616375985685,260.06164913433975,266.2406548901141,6794900
2024-08-06,262.3739318847656,265.42457987756046,260.4502731705748,262.1796121422708,3369300
2024-08-07,261.70355224609375,265.366274602888,260.93602785117787,261.8881470961245,3540000
2024-08-08,263.4717712402344,265.86174985327455,260.4502683004099,261.27608271702604,3227200
2024-08-09,260.28509521484375,263.9672374323633,259.3621210280558,263.9672374323633,2664900
2024-08-12,261.7909851074219,261.8589999777297,257.7785228456534,259.84790640624806,3008100
2024-08-13,262.6168212890625,264.2587252997962,259.9256677381531,262.6168212890625,2603600
2024-08-14,263.432861328125,263.782630875114,260.8582882491396,262.1795673957038,2242100
2024-08-15,267.0470275878906,267.91171187718015,264.112989301517,264.2587142803216,2445200
2024-08-16,270.5639953613281,271.5452596333814,266.88188241878834,266.93044752869963,3286000
2024-08-19,279.36614990234375,280.1142542352495,273.7020880980746,274.294712916009,5268800
2024-08-20,277.5007629394531,282.0086896779928,277.09270340562045,278.34599734986523,3697600
2024-08-21,281.464599609375,281.71720927674824,278.1225025523744,278.9774617505404,2686300
2024-08-22,280.9788818359375,282.2321758756327,279.3661229873363,281.30920165085183,1746400
2024-08-23,281.2800598144531,282.50420887389873,278.9580962029804,282.1155990666387,2145900
2024-08-26,280.4639892578125,283.8935221829734,279.67704470905244,281.01777383628206,2018500
2024-08-27,281.39666748046875,282.0378573510159,279.86161872629754,280.85257817526156,2897600
2024-08-28,278.8803405761719,282.67906274762026,277.1413065991019,281.6978282287276,2603800
2024-08-29,279.6672668457031,280.8816908759489,276.67493908074823,279.58955675333806,1797100
2024-08-30,280.4445495605469,280.6582894013981,278.14200606762034,279.3758503562907,2528500
2024-09-03,279.008056640625,281.6367074616341,277.2393401907118,279.8288949526105,2902800
2024-09-04,281.4608154296875,282.37937896399086,279.4673339486935,280.01455948127153,2558300
2024-09-05,281.4021911621094,282.9461425513428,279.71163700638624,282.40869847939865,2412500
2024-09-06,282.9070739746094,285.5259433076333,281.0113177116527,281.2556158917084,3863600
2024-09-09,284.6464538574219,285.0861726546557,281.23603124837086,283.4151815820614,3208600
2024-09-10,284.6269226074219,289.47382013683426,284.4021873598882,286.1318077980128,2497100
2024-09-11,283.61065673828125,284.7930515914399,279.31098486942165,284.1969485189844,2747500
2024-09-12,285.68231201171875,286.0145539746272,281.6855971646723,283.5520389322467,2274200
2024-09-13,289.7669677734375,289.97216990289087,285.9461405053143,287.7734861940784,2205500
2024-09-16,289.9233093261719,293.26529171517154,288.3109473089138,290.6366707446865,2916200
2024-09-17,287.05035400390625,290.6073497261646,285.5064026681096,290.22623026097074,2997400
2024-09-18,285.3695983886719,288.3695872967453,283.7474548405431,287.177410945545,1788200
2024-09-19,287.1481018066406,288.35002982952585,284.26537120272485,287.5389729508436,2271400
2024-09-20,290.0600891113281,291.252265369797,286.151318404421,286.2588251060689,5817300
2024-09-23,292.2392578125,293.37280496705785,290.11876627131477,292.18062863395005,2312400
2024-09-24,293.421630859375,294.5747408687527,290.9102683740587,292.2392360844554,2408100
2024-09-25,293.6170959472656,294.91674913530767,291.5942998722583,293.48027465296906,1986200
2024-09-26,296.7245788574219,297.34999654501433,293.88094431611074,294.2815969306828,1971100
2024-09-27,296.763671875,299.9590814666457,296.5975359842005,296.5975359842005,3402800
2024-09-30,297.56494140625,298.0730708450959,295.20990355689855,296.82226545431513,2286500
2024-10-01,296.0698547363281,298.2685383095055,295.3564933301598,297.56495837322655,3036200
2024-10-02,296.8320617675781,297.1447407647451,292.74737364922277,293.72456634156106,2352400
2024-10-03,296.5291442871094,297.086121475897,294.38908983394356,296.5779919947302,1802500
2024-10-04,296.8320617675781,298.9134869737074,294.5063383883643,296.1382334844988,2432400
2024-10-07,293.9884338378906,298.1610359890186,293.1578140670563,296.83206821292765,2091800
2024-10-08,295.0144958496094,296.4314373165899,293.509610610559,295.7376387892232,2038300
2024-10-09,296.90045166015625,298.0535617367172,295.0731060411181,296.0307656446198,1854100
2024-10-10,297.1056823730469,298.7766735710293,296.0209829487038,297.09590090296786,1739500
2024-10-11,298.0828857421875,298.53238605855745,296.06008958618844,297.47703100674187,1775600
2024-10-14,302.7734069824219,303.34019549415586,297.55520112260245,298.19037046446414,2376300
2024-10-15,306.1935729980469,308.16749161916675,303.916727009863,304.88413829038643,3067100
2024-10-16,305.78314208984375,306.5746657633818,303.0372032632402,306.17401319183546,1821300
2024-10-17,307.5225830078125,307.86457662714025,305.35321382068327,306.81900300599875,3095200
2024-10-18,309.34014892578125,309.94600368747945,307.0633028339869,308.37273760123463,2531200
2024-10-21,307.7082214355469,310.64955116303435,307.2391582071131,309.897123525129,2404100
2024-10-22,307.51275634765625,308.53879669797635,306.15444425452193,306.92643479537924,5889100
2024-10-23,291.76043701171875,294.72132975481554,284.19694509467104,286.09270135358366,18792000
2024-10-24,294.7017822265625,295.4933358054808,291.4770580166861,292.29789636426267,5522600
2024-10-25,285.93634033203125,294.7213229437286,285.53571756982154,294.13500136208467,8863200
2024-10-28,290.02105712890625,293.0796753397498,289.77675893087155,292.3760953365476,6656000
2024-10-29,288.2718200683594,295.7962150970695,288.2718200683594,290.8125268197129,9048900
2024-10-30,284.8712158203125,288.63341382030177,283.2295391800991,287.7832609109611,4924000
2024-10-31,285.4477233886719,287.6659697333262,284.52918975695405,285.5845446705238,4277400
2024-11-01,288.4770812988281,290.1090064141946,286.5911063313372,287.7930642242679,4131800
2024-11-04,286.1708984375,288.2327607942082,285.14482817271465,288.0177771996246,2583100
2024-11-05,290.5389404296875,290.5975696059043,285.88749363945664,287.05035533701437,3032100
2024-11-06,287.2946472167969,293.48026374457277,286.0438417823206,293.43141603931394,4646400
2024-11-07,287.9396057128906,289.7767327676913,287.10898595025566,288.1154932424214,3357400
2024-11-08,292.15130615234375,294.9460629929096,288.5161480726726,288.8581714860113,3279100
2024-11-11,294.65289306640625,296.8808910739923,293.17732264952843,293.63660437932504,2872400
2024-11-12,291.838623046875,294.52590324034816,290.73439041410774,293.2946605939978,2452900
2024-11-13,290.5682678222656,292.3076697103086,288.48684251018295,292.0829046438697,2327100
2024-11-14,291.75067138671875,293.26530825347146,289.8256004345729,291.2034458205657,1932600
2024-11-15,285.9559020996094,292.6692111191065,283.1122677886135,290.92980932101034,4039400
2024-11-18,284.4608154296875,288.70182838521185,284.1578880629755,286.327257160383,2865000
2024-11-19,284.0992736816406,285.4087084559842,281.04065544401794,283.38591220137295,2353300
2024-11-20,284.2751770019531,284.67582965105544,281.6856219007398,283.99178272399115,2524600
2024-11-21,281.8907775878906,282.0178174095399,276.99503264880263,278.4999177473675,4475700
2024-11-22,283.6595153808594,283.9722242236592,281.5683383654432,281.89079885726034,2879100
2024-11-25,289.4347229003906,289.8451271551663,285.1155178255151,285.1155178255151,5021800
2024-11-26,289.5715026855469,290.49984768883786,288.10571362027997,290.22623492285027,2254200
2024-11-27,288.3500061035156,292.6692109186911,288.252310691671,290.22622919148995,2240300
2024-11-29,289.2588195800781,290.27507851273,287.31418583574765,287.45100712757835,1655900
2024-12-02,287.48931884765625,289.24902454118285,286.01471217732603,288.531371827947,3149900
2024-12-03,289.514404296875,289.8584851408804,285.37568386152054,287.3713167556174,3031000
2024-12-04,290.09442138671875,291.0283508486768,286.87978997720165,287.33199424254354,3742500
2024-12-05,294.4002685546875,294.6656869198253,289.937117890456,290.5368067907318,2594800
2024-12-06,293.9186096191406,298.65698954203486,293.554848109684,295.4718487638086,4158700
2024-12-09,296.2680969238281,297.49693565082475,292.0605543226295,292.5422495033096,2391600
2024-12-10,295.6192626953125,297.6935580404472,290.83171187631086,295.0490947336937,3523000
2024-12-11,291.0873107910156,296.7891102319983,290.95950676890305,296.2385929067011,3037600
2024-12-12,291.6083679199219,293.4958475195868,290.09443011533324,291.1856545721888,2040700
2024-12-13,291.578857421875,294.1348479591388,290.4286511797754,291.27410781945326,2547600
2024-12-16,292.6700744628906,297.0054214019131,292.1392376955433,292.14904800541797,3179900
2024-12-17,291.0676574707031,294.9213091101592,289.8290083730844,292.58159525773374,3295800
2024-12-18,285.9556884765625,293.9185693316021,285.7492519731829,290.02558669077246,3800900
2024-12-19,285.3167419433594,287.9021937880295,283.96009899767677,285.9557321711368,3438500
2024-12-20,287.7252502441406,291.0873666988286,284.40246503479784,284.61874188277136,7678000
2024-12-23,286.3587646484375,288.13812078730643,284.82517626356645,287.3123447339871,2492200
2024-12-24,289.0130310058594,289.2882896832654,285.86722183563967,286.34891702086384,1461000
2024-12-26,289.809326171875,290.43850602833436,287.64658791742625,288.03981032723993,1433900
2024-12-27,288.6493225097656,291.46092136789224,287.7842151688036,288.3740638104548,1617200
2024-12-30,284.6973571777344,286.5356950802835,284.1075085991389,286.5356950802835,1936700
2024-12-31,284.98248291015625,286.30960483539786,283.6946322255363,285.1692388099806,1915600
2025-01-02,287.5581359863281,290.75311704938434,285.33638570832994,286.02454747613706,3117000
2025-01-03,289.7897033691406,289.9666489704001,285.77878640251106,287.8727026859807,2240100
2025-01-06,287.2336730957031,290.59578906363265,286.80111946238014,288.3150571790106,2838900
2025-01-07,284.4417724609375,289.93713600045635,283.3997195536769,288.8066102992903,3419500
2025-01-08,282.0430908203125,284.2451904711422,281.6990099372814,284.0780551847732,2724200
2025-01-10,277.53076171875,282.8983207871857,277.0097353073572,282.63290242698577,3946000
2025-01-13,278.82843017578125,279.6836971384082,275.6039585230459,278.1501087914332,3394300
2025-01-14,276.8131408691406,280.5193380328211,274.65040249868537,280.19490777663634,2238900
2025-01-15,277.52093505859375,279.83115794007455,275.8595426460148,279.5165680155864,2867800
2025-01-16,275.0042724609375,276.1938099738733,271.8486229452212,275.49580796186916,3403700
2025-01-17,276.1938171386719,279.27080425353,275.259887662296,276.22330806945496,3312800
2025-01-21,277.82568359375,278.11078258676935,274.011393277693,276.0070262269359,3858600
2025-01-22,276.5870361328125,278.73012374576865,275.6531066679733,278.5040066119269,3660600
2025-01-23,279.6148986816406,280.17525639465754,275.8988912179178,275.9972043256144,2279400
2025-01-24,280.62744140625,281.9939245071563,278.4843538100846,279.6935419496742,2523000
2025-01-27,288.1282958984375,288.4625364616507,280.97153971900343,281.7579845735112,4343000
2025-01-28,286.2211608886719,289.5046149475267,285.09063506017515,287.44999983289676,3180100
2025-01-29,285.19873046875,288.17746457783164,285.0906070527367,286.44724991403587,2358300
2025-01-30,285.4051818847656,287.13536645603176,284.46141211758817,285.9851901786445,2125200
2025-01-31,283.8126220703125,286.31944122919344,282.48547016227957,284.9234671479339,2556500
2025-02-03,285.1397399902344,285.9753563651592,279.3789581601597,282.1610359720976,3048800
2025-02-04,284.8644714355469,285.71976840203564,283.48817804266486,284.8546611262396,2976900
2025-02-05,283.9403991699219,285.35602388697754,281.4925618471142,285.090605502885,2362900
2025-02-06,289.37677001953125,292.11954655586015,285.40518471351095,286.65367410413836,3590000
2025-02-07,289.3177795410156,291.8246285590161,288.8459246677511,289.3767614001737,2858000
2025-02-10,303.19879150390625,305.0272892869817,296.40576683486984,297.15288044470003,8052000
2025-02-11,304.9584655761719,306.31510844114246,300.98688008854384,302.1665473617307,4180400
2025-02-12,302.39263916015625,304.84047629772215,300.5936024679404,304.33910049809714,3110200
2025-02-13,304.7716979980469,306.25614499040796,300.45603137924866,302.29436957455823,3096800
2025-02-14,303.3265380859375,305.73507398102146,302.569584233656,304.94862919945484,2674400
2025-02-18,299.6695251464844,302.1468833118712,298.40138513424233,302.1468833118712,3367800
2025-02-19,296.8284606933594,298.6471480469386,294.4396053591336,298.1851034760395,2990700
2025-02-20,297.9196472167969,297.9983096953905,293.10260543555,295.73722845047587,3020000
2025-02-21,299.6498718261719,300.7803974862306,296.4843819774397,298.77495422873295,3036700
2025-02-24,302.3631896972656,305.18459899395833,298.971582353989,299.83668973435806,3397600
2025-02-25,305.4598388671875,306.4330696096059,302.7760440914623,303.94590104491067,3891600
2025-02-26,299.1190185546875,309.22498778147343,298.53901023341734,306.42325928063156,4140900
2025-02-27,304.7028503417969,306.5018569644651,299.0698430462276,300.0234230595939,3350400
2025-02-28,303.11029052734375,303.29707643116,298.7356422560983,302.40247815523696,4972900
2025-03-03,300.8658447265625,306.0073112211123,299.0267595447985,304.64283548042135,4371300
2025-03-04,302.32916259765625,309.4085948151356,301.162448366835,301.162448366835,3954500
2025-03-05,303.99029541015625,304.98890942148097,299.95619051122753,300.5791059863684,2327500
2025-03-06,306.8774108886719,307.8463938408199,300.9548258344066,304.3363237796445,2954900
2025-03-07,317.6745300292969,319.5333792051708,306.85763550514866,307.32234779911715,7607600
2025-03-10,313.67999267578125,322.6479354055849,312.1869750170843,316.4880305968806,4707600
2025-03-11,303.30804443359375,314.1249392079057,302.86309620650843,314.0458225490546,4513100
2025-03-12,296.0308532714844,302.98174365076835,293.01518691468306,300.2725864578059,4546200
2025-03-13,294.1522216796875,300.045145134152,293.9247990153542,297.04924304132203,4178600
2025-03-14,296.4560241699219,297.2865982716494,292.3823910220028,293.6282220004278,2696800
2025-03-17,300.5494384765625,301.79526940070895,296.6537727312407,297.90947060733913,2758400
2025-03-18,300.18359375,301.5381723054335,298.86854334897305,301.5381723054335,2435400
2025-03-19,303.46624755859375,304.6131675443852,300.2132614257809,300.56919586809596,2812200
2025-03-20,303.54534912109375,306.1754199363328,302.0721256491707,304.5637573916344,2723500
2025-03-21,302.0028991699219,303.54534214277277,298.2456724769086,302.94222093025775,6016100
2025-03-24,302.2303161621094,304.4846581703058,301.10313007092884,302.85320144105356,3443400
2025-03-25,303.46624755859375,305.1866577114452,300.6087541975191,303.4761145103263,2657100
2025-03-26,310.05126953125,310.52587895172616,304.32644615346004,304.43519383935205,2624400
2025-03-27,309.1712951660156,313.0768578013233,307.1839040832097,311.61350141023195,3119500
2025-03-28,303.6343078613281,306.5115652072376,302.54668014350204,305.52281822269816,3211600
2025-03-31,308.8548889160156,309.6755658058876,301.01413261653687,301.567828510689,4418800
2025-04-01,310.1007385253906,311.23779158487946,307.45090370390113,309.55690954969424,2411200
2025-04-02,308.0737609863281,310.39732235050764,306.3434538261761,309.191049866178,2776800
2025-04-03,314.6885070800781,316.1222023464545,307.79693905857937,307.8760557186888,7023900
2025-04-04,296.73284912109375,311.4157481769178,295.9319664611546,311.03015253561864,8831100
2025-04-07,296.5153503417969,301.4491881832548,287.2310015899384,289.30737631096343,7725900
2025-04-08,296.4560241699219,304.78128787279655,291.6013025530165,300.3615872115188,5562500
2025-04-09,300.53955078125,308.14301815925364,293.37113452773764,294.063269546019,8265700
2025-04-10,303.3277893066406,304.16823025227745,293.5787588249078,297.9490034635596,6049500
2025-04-11,306.4126892089844,307.3915692572363,300.53952961612816,303.02129424140554,4439900
2025-04-14,312.5132751464844,314.61931110871006,307.6288624960557,308.9142215412573,4068300
2025-04-15,308.96368408203125,313.6305712900067,308.3308714966004,312.57260472170725,2901200
2025-04-16,305.6217041015625,310.75330345165327,303.91116092681096,310.0414044038325,3098900
2025-04-17,307.79693603515625,309.4679209171175,303.67387784885574,305.74035550498485,2728500
2025-04-21,305.2459716796875,307.7771615578319,301.6864764841208,307.5003136078525,2669900
2025-04-22,315.4893798828125,316.3990404005963,307.68818173350047,308.2517747660134,4200700
2025-04-23,314.8961486816406,316.30015249405307,311.2476699158114,314.9159127585186,3210100
2025-04-24,312.6615905761719,315.30155845281644,310.0018586214027,314.84671308846424,2479500
2025-04-25,313.17572021484375,318.15901362461153,311.484971266127,312.9384305867191,2282900
2025-04-28,313.24493408203125,314.44130950107296,310.7137441806029,314.12493339401726,2578300
2025-04-29,310.9609375,313.1658542152429,309.47781697138316,312.5033804358284,3164500
2025-04-30,316.052978515625,317.3877930258,309.5766976123344,313.2251765255361,5564600
2025-05-01,310.1106262207031,315.6574824546313,308.0935738746546,309.62611966812034,5186900
2025-05-02,308.4494934082031,312.41437837630355,307.18389850548596,310.02159745480134,3994600
2025-05-05,312.1672058105469,313.82829353813185,307.2037067052047,309.47781274838667,3534100
2025-05-06,313.2251892089844,313.6701072809492,309.3492874618188,311.56407121781876,2691700
2025-05-07,314.5500793457031,315.6475740021256,312.5626882742577,312.9186528750995,2725900
2025-05-08,309.9622802734375,316.06286240031324,309.65577112439234,314.5006252785703,2131500
2025-05-09,310.150146484375,310.7137395066636,307.668412074686,309.378925044356,1917800
2025-05-12,308.4100036621094,308.6670573854697,301.5777576920056,308.4989872787533,4137900
2025-05-13,305.21630859375,308.6571589572611,304.97901897356417,308.14299121464074,3018600
2025-05-14,304.0397033691406,305.4338402640256,302.2500737079578,304.77136649549976,2656600
2025-05-15,310.941162109375,311.5838416135602,304.3363093298734,304.3363093298734,2928500
2025-05-16,315.024658203125,315.074113656213,309.84363372660005,310.83238069840485,2636900
2025-05-19,317.6152038574219,317.9909023642455,314.4512014456867,314.5302879276066,2748600
2025-05-20,316.2012634277344,318.0996708536935,315.26197192709566,317.6052973773061,2035000
2025-05-21,312.87908935546875,315.08400593135025,311.6233915833052,313.9469227919483,2386700
2025-05-22,310.7730712890625,313.0570744755045,309.11198354877087,312.56270096892985,2642000
2025-05-23,311.0301513671875,312.0979848517069,309.5074725367797,311.5245248677206,2701500
2025-05-27,311.4058837890625,312.06832739018745,308.6472711742476,310.9708326894442,2526700
2025-05-28,309.3196105957031,312.09798727635075,308.67693107484996,311.4058824747259,1935600
2025-05-29,308.35064697265625,309.9722066521395,306.55115023641986,308.85491763442633,2248800
2025-05-30,310.3182678222656,311.7420659888638,307.08504565578977,308.48907974407825,4062900
2025-06-02,310.91485595703125,311.48164548388047,307.6434504676048,308.97588227692177,2577000
2025-06-03,310.6264953613281,312.61520486416487,307.4047653319294,310.07958204086873,3028100
2025-06-04,309.8111267089844,312.4759902418584,307.7329288560513,311.233046764365,2069500
2025-06-05,307.2357482910156,310.2386887773087,306.0325571686162,310.2386887773087,3813500
2025-06-06,305.6248779296875,308.1107649391831,305.0779949257186,305.41607191757396,2622800
2025-06-09,303.0594482421875,303.506920030728,298.1572864660067,302.0153878626592,4059800
2025-06-10,298.7340087890625,300.70284224049,297.75956049461206,298.3163967615268,4698700
2025-06-11,300.0167236328125,301.48837962267817,295.5122977202886,298.5053153006014,3312100
2025-06-12,301.4486083984375,301.468484570366,298.3760556712922,299.96702943929415,2584700
2025-06-13,300.2056579589844,303.3875750762923,299.4499386089225,300.1062164110341,2435500
2025-06-16,294.6174011230469,302.28386836685075,294.0804410180793,301.42873777866276,4045700
2025-06-17,290.65985107421875,294.338975996564,290.1427974991223,294.3290227380023,3379000
2025-06-18,287.9949951171875,291.4553305147962,286.97081085308014,291.34596604891834,4008700
2025-06-20,285.83721923828125,288.9694307555468,283.9579044660419,288.13417637396265,7085000
2025-06-23,287.8855895996094,287.8855895996094,284.25620066344595,286.8912348036577,5172500
2025-06-24,289.8245849609375,290.45103331898395,286.9508851204514,287.98502257413594,4461200
2025-06-25,283.93798828125,289.4367688650886,282.70499809498494,289.21800960507716,4259800
2025-06-26,284.0175476074219,285.1710027406216,281.869737739943,284.33574840526285,5354900
2025-06-27,289.90411376953125,290.54051537208096,283.6297377561424,284.39541033079115,7422200
2025-06-30,290.5206604003906,291.92267398929494,289.23793418904535,289.23793418904535,5054800
2025-07-01,295.81060791015625,297.9584179789029,290.69963987657576,290.8487870316343,5121900
2025-07-02,292.9667663574219,296.397272289611,290.9482272805323,296.397272289611,4021500
2025-07-03,292.4198303222656,293.1655963816904,290.95812763198103,293.00652632620927,1678600
2025-07-07,291.8729553222656,294.0108120152831,290.8388178616002,292.45962099693463,3404300
2025-07-08,290.0234680175781,291.3658226757462,288.6214241557611,291.35589976288736,3123600
2025-07-09,291.3658142089844,292.16131620602977,289.6953055331367,290.60017198554544,3265800
2025-07-10,296.7055358886719,299.08202802145166,293.35453480674965,294.6273077049835,5366800
2025-07-11,298.2169494628906,301.0309601737598,295.6117447617643,296.45695240445724,4524100
2025-07-14,300.17584228515625,300.3647721313297,293.1656224949595,297.4910720939658,5707500
2025-07-15,297.9285888671875,301.0807070255419,297.5507291771001,299.59909769623596,2937600
2025-07-16,297.212646484375,298.783744076721,294.537829619251,298.0876835719651,2804700
2025-07-17,298.6743469238281,300.74262190468,296.7353732677424,298.0777279737631,3134300
2025-07-18,295.3929748535156,298.70416284137013,294.7565732434889,298.0478850605172,3481300
2025-07-21,294.0704650878906,297.1131882059591,293.61307039796696,296.4270809984242,3037500
2025-07-22,297.48114013671875,298.4058828217908,293.3843728531934,294.1897978170046,2672000
2025-07-23,296.4370422363281,298.18711636008436,295.2438347071941,297.7993034300385,2467600
2025-07-24,292.8175964355469,295.7807541567165,292.7479843204768,295.2338711847056,4426000
2025-07-25,296.7850646972656,296.95411835740964,293.2352109419312,295.1344321638723,3401000
2025-07-28,297.5308532714844,298.2169605314051,293.3247214187489,295.383043198511,3070500
2025-07-29,300.96136474609375,301.12043480181416,296.616009009925,297.26236387197093,3147700
2025-07-30,301.8960266113281,303.7057595124016,299.3803103448924,300.8619195352561,2805900
2025-07-31,298.37603759765625,301.7568376840611,298.306425482172,299.32065640450384,3639600
2025-08-01,301.1801452636719,301.9855702382906,299.6786597786242,301.78668713665354,3344800
2025-08-04,302.5125732421875,304.62060057348873,298.83344832565575,298.83344832565575,4734500
2025-08-05,297.0833740234375,302.8804795271828,296.6856381706878,301.28950577088375,4222900
2025-08-06,305.9231872558594,308.6477095713129,300.0365937602713,305.2669094767861,6474300
2025-08-07,306.1717834472656,308.4190349568625,302.6318828639164,307.4147269202197,3603300
2025-08-08,303.7256774902344,306.8081530096784,302.17448647228855,305.2669152499564,2622000
2025-08-11,302.6418151855469,305.5652207524428,302.065102748099,303.775394233866,2649000
2025-08-12,299.93719482421875,303.77538976582684,298.1970739335798,303.44726603552414,3438300
2025-08-13,303.3478088378906,303.5864442658,299.6985135778499,299.99683820803523,2999100
2025-08-14,307.2059326171875,307.5440096132749,300.99121501565276,303.77539636302,4699400
2025-08-15,307.1860046386719,308.40907190151404,304.7697298868776,308.40907190151404,3416600
2025-08-18,306.95733642578125,308.2301093457179,304.8294026051762,306.62918235105616,3272600
2025-08-19,309.1747131347656,312.44614873778835,306.70873279170775,306.9573214775998,2893600
2025-08-20,311.3125915527344,314.365268112013,310.62651464932947,311.8992875963644,3879900
2025-08-21,311.4518127441406,311.8296724246921,309.4133975352294,310.1094276904501,2282200
2025-08-22,312.2970275878906,315.01159684277496,311.38220779573584,312.85386386301053,2796700
2025-08-25,311.6705627441406,313.76863675122695,310.18898384159536,311.9589341252419,2944300
2025-08-26,311.17340087890625,313.34108711116085,310.53699922615203,311.66062503190176,2807600
2025-08-27,309.6719055175781,313.93769607094885,309.582417227755,311.59100298281925,3234400
2025-08-28,310.45745849609375,310.7557527995362,307.60366506039264,309.363662141304,3471700
2025-08-29,311.77001953125,312.12797270159166,309.6719150762998,310.4674171414496,2492500
2025-09-02,315.760009765625,316.1300048828125,312.3299865722656,313.04998779296875,3228700
2025-09-03,316.3900146484375,316.8699951171875,312.9800109863281,315.0199890136719,3219500
2025-09-04,316.989990234375,319.42999267578125,316.4800109863281,317.82000732421875,2881300
2025-09-05,314.3800048828125,318.0400085449219,313.2699890136719,317.3699951171875,2533100
2025-09-08,312.79998779296875,313.0799865722656,309.760009765625,312.82000732421875,2873600
2025-09-09,312.5199890136719,313.70001220703125,310.7300109863281,311.2099914550781,2310800
2025-09-10,305.94000244140625,312.0899963378906,304.6099853515625,312.0899963378906,3479500
2025-09-11,308.42999267578125,308.94000244140625,305.25,306.2300109863281,2761500
2025-09-12,305.3999938964844,308.510009765625,305.25,307.6199951171875,2072600
2025-09-15,302.07000732421875,305.7099914550781,300.510009765625,305.1400146484375,3584500
2025-09-16,303.2900085449219,306.0,302.70001220703125,303.5,3578500
2025-09-17,304.9700012207031,306.5799865722656,303.9100036621094,304.8999938964844,2681600
2025-09-18,301.1400146484375,302.69000244140625,297.8800048828125,301.4700012207031,4654100
2025-09-19,302.3800048828125,304.79998779296875,300.75,301.70001220703125,5696900
2025-09-22,302.989990234375,304.25,300.4200134277344,302.32000732421875,3657900
2025-09-23,303.19000244140625,304.45001220703125,300.32000732421875,303.739990234375,2976900
2025-09-24,304.3299865722656,305.9800109863281,302.010009765625,302.489990234375,2427300
2025-09-25,302.29998779296875,306.3299865722656,301.95001220703125,305.8800048828125,2558400
2025-09-26,305.239990234375,305.7799987792969,302.010009765625,303.3699951171875,2284700
2025-09-29,302.989990234375,306.1099853515625,301.8500061035156,305.8800048828125,3073800
2025-09-30,303.8900146484375,304.4800109863281,302.0,302.75,2640100
2025-10-01,300.5199890136719,304.7699890136719,298.29998779296875,303.260009765625,3055300
2025-10-02,299.8800048828125,302.3800048828125,298.95001220703125,299.6000061035156,2690400
2025-10-03,300.9800109863281,301.3900146484375,298.6600036621094,298.8999938964844,2599100
2025-10-06,296.0400085449219,299.6499938964844,294.9100036621094,299.0400085449219,3814200
2025-10-07,296.32000732421875,298.07000732421875,294.1300048828125,295.0,2515700
2025-10-08,294.3999938964844,296.6600036621094,293.42999267578125,296.3800048828125,2464600
2025-10-09,293.80999755859375,295.1199951171875,292.0400085449219,293.6499938964844,2802700
2025-10-10,297.010009765625,297.95001220703125,292.8900146484375,294.70001220703125,4016200
2025-10-13,300.1099853515625,300.4200134277344,294.0,294.6000061035156,3369300
2025-10-14,304.55999755859375,305.5199890136719,300.1099853515625,300.1600036621094,2992800
2025-10-15,305.25,309.1000061035156,303.6300048828125,303.6300048828125,2522100
2025-10-16,305.3299865722656,307.2799987792969,304.7099914550781,305.7900085449219,2021600
2025-10-17,308.0899963378906,308.3299865722656,306.30999755859375,306.79998779296875,2194200
2025-10-20,307.7699890136719,308.70001220703125,305.8399963378906,307.95001220703125,2329600
2025-10-21,307.4800109863281,308.54998779296875,306.3900146484375,308.54998779296875,2461100
2025-10-22,310.1099853515625,312.7900085449219,307.1499938964844,308.2200012207031,2735700
2025-10-23,306.9700012207031,311.9700012207031,306.2200012207031,311.9700012207031,2081500
2025-10-24,305.7900085449219,307.70001220703125,305.0199890136719,307.6300048828125,1994500
2025-10-27,310.0,310.0899963378906,305.3399963378906,305.8999938964844,2139200
